{
    "score": 47.763126472909974,
    "raw_acc": 68.75,
    "raw_score": 27.77777777777778,
    "target_PGD_targeted_sr": 100.0,
    "target_PGD_dist": 2.518545389175415,
    "target_PGD_query": 124.10204081632654,
    "target_PGD_score": 3.3337241370012984,
    "target_genetic_targeted_sr": 48.97959183673469,
    "target_genetic_dist": 11.354728698730469,
    "target_genetic_query": 1738.6530612244899,
    "target_genetic_score": 63.28410484677269
}