{
    "attacker_success_rate": 0.0,
    "time": 4.121318390592933,
    "dist": 0.9154123909041775,
    "predict": 10002.176470588236,
    "gradient": 0.0,
    "meets_expectations": "False"
}