{
    "attacker_success_rate": 0.0,
    "time": 123.4813976,
    "dist": 2.065266298860568,
    "predict": 20001.0,
    "gradient": 0,
    "meets_expectations": "False"
}